<Defs>	
	<ReconAndDiscovery.Triggers.ActivatedActionDef Name="ActionSeraphites" ParentName="BaseActivatedAction">
		<defName>ActionSeraphites</defName>
		<activatedActionClass>ReconAndDiscovery.Triggers.ActivatedAction_Seraphites</activatedActionClass>
		<numThingsToSpawn>0~0</numThingsToSpawn>
		<spawnedThingStackSize>0~0</spawnedThingStackSize>
		<effectRadius>5</effectRadius>
		<hasDialog>true</hasDialog>
		<dialogText>Some of the research logs refer to a project to make a self-replicating luciferium nanite, freeing the user from the need to take more. Apparently this lab contains a small sample of a trial nanite.</dialogText>
	</ReconAndDiscovery.Triggers.ActivatedActionDef>
</Defs>