<?xml version="1.0" encoding="utf-8" ?>
<ThingDefinitions>
  
  <ThingDef ParentName="AnimalThingBase">
    <defName>Devillo</defName>
    <label>devillo</label>
    <description>A lab-developed muffalo strain that secretes devilstrand fiber into its fur. Its milk, devilcream, is especially rich.</description>
    <statBases>
      <MoveSpeed>4.1</MoveSpeed>
      <ComfyTemperatureMin>-60</ComfyTemperatureMin>
      <MarketValue>3500</MarketValue>
    </statBases>
    <verbs>
      <li>
        <verbClass>Verb_MeleeAttack</verbClass>
        <defaultCooldownTime>1.65</defaultCooldownTime>
        <meleeDamageBaseAmount>21</meleeDamageBaseAmount>
        <meleeDamageDef>Scratch</meleeDamageDef>
        <linkedBodyPartsGroup>HeadAttackTool</linkedBodyPartsGroup>
      </li>
    </verbs>
    <comps>
      <li Class="CompProperties_Milkable">
        <milkDef>Devilcream</milkDef>
        <milkIntervalDays>2</milkIntervalDays>
        <milkAmount>12</milkAmount>
      </li>
      <li Class="CompProperties_Shearable">
        <woolDef>DevilstrandCloth</woolDef>
        <shearIntervalDays>12</shearIntervalDays>
        <woolAmount>70</woolAmount>
      </li>
    </comps>
    <race>
      <herdAnimal>true</herdAnimal>
      <body>QuadrupedAnimalWithHooves</body>
      <baseBodySize>2.8</baseBodySize>
      <baseHealthScale>2.4</baseHealthScale>
			<baseHungerRate>1.65</baseHungerRate>
      <foodType>VegetarianRoughAnimal</foodType>
      <leatherColor>(202,70,70)</leatherColor>
      <leatherInsulation>1.0</leatherInsulation>
      <gestationPeriodDays>40</gestationPeriodDays>
      <trainableIntelligence>Advanced</trainableIntelligence>
      <wildness>0.5</wildness>
      <nuzzleMtbHours>120</nuzzleMtbHours>
			<packAnimal>true</packAnimal>
      <lifeExpectancy>18</lifeExpectancy>
      <lifeStageAges>
        <li>
          <def>AnimalBaby</def>
          <minAge>0</minAge>
        </li>
        <li>
          <def>AnimalJuvenile</def>
          <minAge>0.25</minAge>
        </li>
        <li>
          <def>AnimalAdult</def>
          <minAge>0.5</minAge>
          <soundWounded>Pawn_Muffalo_Wounded</soundWounded>
          <soundDeath>Pawn_Muffalo_Death</soundDeath>
          <soundCall>Pawn_Muffalo_Call</soundCall>
          <soundAngry>Pawn_Muffalo_Angry</soundAngry>
        </li>
      </lifeStageAges>
      <soundMeleeHitPawn>Pawn_Melee_BigBash_HitPawn</soundMeleeHitPawn>
      <soundMeleeHitBuilding>Pawn_Melee_BigBash_HitBuilding</soundMeleeHitBuilding>
      <soundMeleeMiss>Pawn_Melee_BigBash_Miss</soundMeleeMiss>
    </race>
  </ThingDef>
  
  <PawnKindDef Name="Devillo" ParentName="AnimalKindBase">
    <defName>Devillo</defName>
    <label>devillo</label>
    <race>Devillo</race>
    <combatPower>120</combatPower>
    <wildSpawn_spawnWild>false</wildSpawn_spawnWild>
    <wildSpawn_EcoSystemWeight>0</wildSpawn_EcoSystemWeight>
    <wildSpawn_GroupSizeRange>
      <min>1</min>
      <max>2</max>
    </wildSpawn_GroupSizeRange>
    <canArriveManhunter>false</canArriveManhunter>
    <lifeStages>
      <li>
        <label>devillo calf</label>
        <labelPlural>devillo calves</labelPlural>
        <bodyGraphicData>
          <texPath>Things/Animate/Devillo/Devillo0</texPath>
          <drawSize>1.7</drawSize>
          <shadowData>
            <volume>(0.4, 0.3, 0.3)</volume>
            <offset>(0,0,-0.2)</offset>
          </shadowData>
        </bodyGraphicData>
        <dessicatedBodyGraphicData>
          <texPath>Things/Pawn/Animal/Muffalo/MuffaloDessicated</texPath>
          <drawSize>1.7</drawSize>
        </dessicatedBodyGraphicData>
      </li>
      <li>
        <bodyGraphicData>
          <texPath>Things/Animate/Devillo/Devillo1</texPath>
          <drawSize>2.5</drawSize>
          <shadowData>
            <volume>(0.6, 0.45, 0.45)</volume>
            <offset>(0,0,-0.25)</offset>
          </shadowData>
        </bodyGraphicData>
        <dessicatedBodyGraphicData>
          <texPath>Things/Pawn/Animal/Muffalo/MuffaloDessicated</texPath>
          <drawSize>2.5</drawSize>
        </dessicatedBodyGraphicData>
      </li>
      <li>
        <bodyGraphicData>
          <texPath>Things/Animate/Devillo/Devillo2</texPath>
          <drawSize>4.0</drawSize>
          <shadowData>
            <volume>(0.8, 0.6, 0.6)</volume>
            <offset>(0,0,-0.3)</offset>
          </shadowData>
        </bodyGraphicData>
        <dessicatedBodyGraphicData>
          <texPath>Things/Pawn/Animal/Muffalo/MuffaloDessicated</texPath>
          <drawSize>4.0</drawSize>
        </dessicatedBodyGraphicData>
      </li>
    </lifeStages>
  </PawnKindDef>
  
  
  <ThingDef ParentName="AnimalThingBase">
    <defName>Nitralope</defName>
    <label>nitralope</label>
    <description>A boomalope variant, in which the chemical sac is filled with rocket grade chemfuel, which can be drained and used without causing harm or discomfort to the animal. Due to the extraordinary volatility of this chemical, the nitralope has a low tolerance for hot weather, with gases forming in its sacs at temperatures over 35 degrees celsius. It must also be milked regularly, as it may overfill and explode otherwise. Like its close relative, it produces a large, dangerous explosion on death.</description>
    <statBases>
      <MoveSpeed>2.15</MoveSpeed>
      <ComfyTemperatureMin>-25</ComfyTemperatureMin>
      <ComfyTemperatureMax>35</ComfyTemperatureMax>
      <MarketValue>900</MarketValue>
    </statBases>
    <verbs>
      <li>
        <verbClass>Verb_MeleeAttack</verbClass>
        <defaultCooldownTime>1.65</defaultCooldownTime>
        <meleeDamageBaseAmount>9</meleeDamageBaseAmount>
        <meleeDamageDef>Blunt</meleeDamageDef>
        <linkedBodyPartsGroup>HeadAttackTool</linkedBodyPartsGroup>
      </li>
    </verbs>
    <comps>
      <li Class="ReconAndDiscovery.CompProperties_MandatoryMilkable">
        <milkDef>Chemfuel</milkDef>
        <milkIntervalDays>2</milkIntervalDays>
        <milkAmount>10</milkAmount>
        <milkFemaleOnly>false</milkFemaleOnly>
        <ticksUntilDanger>75000</ticksUntilDanger>
      </li>
    </comps>
    <race>
      <body>QuadrupedAnimalWithHoovesAndHump</body>
      <deathActionWorkerClass>DeathActionWorker_BigExplosion</deathActionWorkerClass>
      <executionRange>6</executionRange>
      <herdAnimal>true</herdAnimal>
      <baseBodySize>1.5</baseBodySize>
      <baseHungerRate>1</baseHungerRate>
      <baseHealthScale>0.65</baseHealthScale>
      <foodType>VegetarianRoughAnimal</foodType>
      <leatherColor>(200,200,200)</leatherColor>
      <leatherInsulation>0.9</leatherInsulation>
      <wildness>0.6</wildness>
      <canBePredatorPrey>false</canBePredatorPrey>
      <gestationPeriodDays>30</gestationPeriodDays>
      <lifeExpectancy>15</lifeExpectancy>
      <lifeStageAges>
        <li>
          <def>AnimalBaby</def>
          <minAge>0</minAge>
        </li>
        <li>
          <def>AnimalJuvenile</def>
          <minAge>0.2</minAge>
        </li>
        <li>
          <def>AnimalAdult</def>
          <minAge>0.5</minAge>
          <soundWounded>Pawn_Muffalo_Wounded</soundWounded>
          <soundDeath>Pawn_Muffalo_Death</soundDeath>
          <soundCall>Pawn_Muffalo_Call</soundCall>
          <soundAngry>Pawn_Muffalo_Angry</soundAngry>
        </li>
      </lifeStageAges>
      <soundMeleeHitPawn>Pawn_Melee_BigBash_HitPawn</soundMeleeHitPawn>
      <soundMeleeHitBuilding>Pawn_Melee_BigBash_HitBuilding</soundMeleeHitBuilding>
      <soundMeleeMiss>Pawn_Melee_BigBash_Miss</soundMeleeMiss>
    </race>
    <tradeTags>
      <li>StandardAnimal</li>
      <li>BadassAnimal</li>
    </tradeTags>
  </ThingDef>
  
  <PawnKindDef ParentName="AnimalKindBase">
    <defName>Nitralope</defName>
    <label>nitralope</label>
    <race>Nitralope</race>
    <combatPower>95</combatPower>
    <wildSpawn_spawnWild>false</wildSpawn_spawnWild>
    <wildSpawn_EcoSystemWeight>0.0</wildSpawn_EcoSystemWeight>
    <wildSpawn_GroupSizeRange>
      <min>1</min>
      <max>1</max>
    </wildSpawn_GroupSizeRange>
    <canArriveManhunter>false</canArriveManhunter>
    <lifeStages>
      <li>
        <label>nitralope calf</label>
        <labelPlural>nitralope calves</labelPlural>
        <bodyGraphicData>
          <texPath>Things/Animate/Nitralope/Nitralope</texPath>
          <color>(176,150,106)</color>
          <drawSize>1.0</drawSize>
          <shaderType>CutoutComplex</shaderType>
          <shadowData>
            <volume>(0.4, 0.3, 0.3)</volume>
            <offset>(0,0,-0.2)</offset>
          </shadowData>
        </bodyGraphicData>
        <dessicatedBodyGraphicData>
          <texPath>Things/Pawn/Animal/Dessicated/CritterDessicatedMedium</texPath>
          <drawSize>1.3</drawSize>
        </dessicatedBodyGraphicData>
      </li>
      <li>
        <bodyGraphicData>
          <texPath>Things/Animate/Nitralope/Nitralope</texPath>
          <color>(176,150,106)</color>
          <drawSize>1.5</drawSize>
          <shaderType>CutoutComplex</shaderType>
          <shadowData>
            <volume>(0.6, 0.45, 0.45)</volume>
            <offset>(0,0,-0.25)</offset>
          </shadowData>
        </bodyGraphicData>
        <dessicatedBodyGraphicData>
          <texPath>Things/Pawn/Animal/Dessicated/CritterDessicatedMedium</texPath>
          <drawSize>2</drawSize>
        </dessicatedBodyGraphicData>
      </li>
      <li>
        <bodyGraphicData>
          <texPath>Things/Animate/Nitralope/Nitralope</texPath>
          <color>(176,150,106)</color>
          <drawSize>2.0</drawSize>
          <shaderType>CutoutComplex</shaderType>
          <shadowData>
            <volume>(0.8, 0.6, 0.6)</volume>
            <offset>(0,0,-0.3)</offset>
          </shadowData>
        </bodyGraphicData>
        <dessicatedBodyGraphicData>
          <texPath>Things/Pawn/Animal/Dessicated/CritterDessicatedMedium</texPath>
          <drawSize>2.5</drawSize>
        </dessicatedBodyGraphicData>
      </li>
    </lifeStages>
  </PawnKindDef>
  
</ThingDefinitions>